No,Reviews
6,"Oke. Oke. Iyaaa... Review ini akan berakhir hari ini. Ga pake bersambung lagi. Janji. Dasa Dharma Pramuka.

Selesai baca buku ini di malam hari setelah membelinya di kopdar 3 tahun GRI, di Celcius Rawamangun. 

Saya beli buku ini karena saya percaya penulis buku punya jaminan menulis kisah2 yang baik secara moral, walau saya lebih sering terganggu dengan gaya dan cara cerita beliau. Dari lima buku tulisan beliau yang pernah saya baca sebelumnya, Burlian-lah yang paling asyik, segar, walaupun idenya tidak terlalu orisinal juga. Namun saya beli juga buku terbaru penulis ini dengan tujuan menghadiahkannya pada salah seorang murid saya di akhir semester.

Ceritanya tentang apa? Hal yang tidak rumit, asalnya. Kakak beradik Tania dan Dede (11 dan 6 tahun), kehilangan ayah yang meninggal tiga tahun lalu, sehingga untuk membantu ibu mendapat biaya makan sehari-hari, dua bocah ini naik turun bus kota untuk mengamen. Suatu malam, mereka bertemu Danar, seorang mahasiswa 25 tahun yang kemudian membantu membiayai sekolah dan perbaikan ekonomi keluarga mereka. Namun dua tahun berselang, sang Ibu juga meninggal, sementara Tania mendapat beasiswa sekolah ke Singapura. Nantinya, Danar menikah dengan Ratna, menghancurkan hati Tania yang sadar memendam cinta pada """"malaikat penolong""""-nya itu. 

Sudah. Kalau jalan ceritanya ya begitu saja. Naik turun perasaan cinta dan cemburu Tania serta bagaimana kejadian setelah Danar tahu perasaan adik angkatnya ini. Usai membaca, buku ini saya beri bintang 3, walau banyaaak sekali hal yang mengganjal saya. Bukan berarti ada yang salah atau nggak masuk akal, tapi mengganggu aja. Mungkin karena saya terlalu sering mikir hal2 yang kurang penting, hehe... Makanya perlu hitungan bulan buat saya mencoba menulis review-nya, dimulai dari sekarang. Di antara hal2 itu adalah:

Satu - Ini gangguan pertama Saya kan pernah bertahun2 kuliah """"di kota kami"""" yang diceritakan di buku ini. Hal ini membuat saya berpikir bolak-balik, apa iya """"toko buku terbesar di kota kami"""" itu sudah ada """"sepuluh tahun yang lalu"""" ketika cerita di buku ini dimulai? Setelah saya coba tanya sana-sini, mengintip2 blog orang, kayaknya sih memang sudah ada. Mungkin saya yang tidak ingat, atau bahkan tidak pernah datang ke toko itu, karena lebih sering ke Bakmi Margonda atau Mal Depok, hehe...

Dua - Terkait dengan sekolah Tania, tokoh utama wanita dalam cerita ini. Sebenarnya saya """"kehilangan orientasi"""" untuk menyesuaikan masa 3 tahun dia sudah berhenti sekolah, dengan waktu dua tahun kemudian (setelah sempat loncat kelas), dia lulus SD. Sebelum berhenti sekolah, kelas berapakah Tania? Nah, ayo cek. Tiga tahun sebelum Tania dan Dede bertemu Danar, tidak disebutkan kelas berapa Tania saat itu, pokoknya sudah sekolah, tapi kemudian harus berhenti karena ayahnya meninggal dan kehidupan ekonomi keluarga mereka hancur. Waktu pertama ketemu Danar, umur Tania sebelas dan masuk kembali di kelas 4. Hmmm... kalau begitu tiga tahun sebelumnya umurnya delapan tahun, dan sudah menyelesaikan kelas 3 SD. Artinya waktu masuk SD, Tania baru berumur lima tahun ya? Hmm... ya sudah, boleh deh. Sudah terlanjur. Banyak kok kejadian seperti itu sampai sekarang.

Namun, gangguan terbesar saya dalam membaca tahap pendidikan Tania adalah ketika dia mendapat ASEAN Scholarship ke Singapura... waktu lulus SD!

Waduh. Duh. Wadooh... Saya bengong. Ada gitu, beasiswa ASEAN Scholarship buat melanjutkan SMP di Singapura bagi warga non-Singapura? Kalau melanjutkan ke SMA iya, ada. Dari zaman saya SMP saya sudah tahu, bahkan dulu juga saya sempat mau daftar, tapi ga berani, hihi... 

Kalau untuk SMP, dipikir secara rasional dulu ya, kayaknya orangtua Indonesia masih sangat berat hati melepas anak mereka yang baru lulus SD untuk bersekolah jauh2. Ga tega, gitu. Anak masih imut2, masih bau kencur, baru jadi """"ababil"""", dikirim untuk sekolah asrama di negeri dengan kultur beda begitu. Secara empiris pun, sekolah tempat saya mengajar sekarang kadang2 masih menghadapi orang tua dari Sumatera yang agak belum ikhlas melepas anak laki2nya sekolah asrama dengan beasiswa di Bogor. Belum lagi dilihat dari kerepotan pengurus asramanya, benar2 repot loh mengurus ababil2 yang masih cengeng ini, hihi.. Padahal seleksi untuk masuk sekolah kami termasuk psikotes dan wawancara untuk menentukan """"kedewasaan"""" siswa2 ini untuk menghadapi kehidupan baru.

Lha ini, si Tania, anak cewek pula, gampang sekali sekolah tingkat SMP di Singapura? Mana seleksinya kok ya (diceritakan) gampang sekali. Ataukah dibuat gampang karena Ibu Tania baru meninggal? Jadi boleh langsung pergi tanpa minta persetujuan orangtua, gitu? 
Coba pikiiir... apa jadinya kalau pemerintah Indonesia mengizinkan bocah2 cilik perempuan tanpa pendamping atau wali yang jelas ini dengan mudahnya pergi keluar negeri, walau hanya ke seberang Selat Malaka? Apa yang akan terjadi, cobaaaa....??? Pantas saja perdagangan anak masih marak terjadi di tanah air ini, hiks!

*kenapa gw malah jadi emosi gini, yak? kayaknya karena lagi PMS deh, hehe...*

Tiga - Oh ya, kemarin saya sudah gugling ttg ASEAN Scholarship ini, dan ternyata memang belum ada yang menunjukkan bahwa ada yang diberikan bagi tingkat junior high school. Kalau memang ada, saya ga nemu. Serem juga kaleee si pemerintah Singapura-nya kalo anak2 se-Asia Tenggara pada mewek bareng di asramanya, apalagi kalo dituduh sebagai bandar pedagang anak internasional, hehehe... 

Empat - Lagi2 deh. Pengulangan anak kalimat """"toko buku terbesar di kota ini"""" di mana2. Padahal dalam buku ini berapa toko buku yang disebutkan juga bisa dihitung oleh jari sebelah tangan, jadi ga usah repot membandingkannya dengan toko2 buku lain.

(Padahal suka2 pengarangnya dong... Naah, kelihatan kan, saya suka protes ga penting? :p)

Lima - Lagi2 ttg Tania. OOT bentar ah. Saya berencana membuat daftar tokoh2 dalam buku yang paling ... apalah..., dari buku2 yang saya baca setahun ini. Saat ini saya suka punya rencana menempatkan Tania sebagai """"Tokoh utama perempuan yang malang karena salah diberi karakter oleh penulisnya"""".... hihihi... usil banget :) 

Salahnya di mana? Ga tau, saya belum bisa menemukan kata yang tepat. Ini baru perasaan, karena saya iba melihat Tania yang kelihatan terlewat beberapa tahap perkembangannya *mulai sotoy* Misalnya, begitu mudahnya Tania langsung belajar, hidup dan tinggal di Singapura. Yak, mari kita setujui rancangan besar penulisnya yang mau menjadikan tokoh jagoan ini gadis super yang pintar dan tidak cengeng. Tetapi mbok ya... latarnya dibuat yang lebih kuat, gitu. Penjelasan betapa cepatnya Tania beradaptasi itu sangat kurang. Sebelum ke S'pore kan Tania tidak berbahasa Inggris dengan begitu fasih, apalagi untuk memahami """"Singlish""""-nya. Percakapan yang dilakukan di tempat les """"di kota kami"""", berapa sih kadarnya untuk membuat anak lulusan SD Indonesia casciscus speaking english in Singapore? Kecuali jika diceritakan ada sahabat setia asal Indonesia yang setiap saat nempel Tania terus sambil merapikan kemampuan berbahasa dan kemandiriannya. 

Lalu sikap tinggi hati Tania yang sudah sadar dia itu cantik dan pintar. Kok nampaknya sikap ini turun karena dia terlalu mengharap jadi pasangan ideal Danar yang muda, pandai, sukses dan kaya. Enak sekali gayanya menolak Johny Chan dan Adi. Buat saya, seorang tokoh utama yang seperti ini bikin kesal. Pembaca yang keseringan memasukkan perilaku tokoh2 fiksi ke dalam hati kayak saya ini, jadi ingin menjitak Tania kalau orang ini ada. 

Enam - Cara menulis """"dia"""" di mana2 sebagai kata ganti untuk """"Danar"""". Nampaknya, karena narator buku ini adalah Tania, yang dominan di sini adalah perasaan seorang perempuan muda yang perasaannya kebanyakan galau. Memang mengingatkan saya waktu saya masih semuda Tania kemarin itu, seriingkali ada perasaan tidak nyaman kalau harus menyebut nama seseorang yang bikin hati kita kacau seperti balon hijau. Tapi kan """"dia"""" itu terlalu umum, dan dalam bahasa tulis mengacaukan juga pemahaman saya atas """"dia"""" yang dimaksud. Apalagi saat misalnya sedang ada kejadian yang melibatkan tokoh lebih dari Tania dan si dia... """"dia"""" yang mana lagi, nih? 

Tujuh - Sumpah, yang beberapa malam lalu saya baca adalah petualangan burung2 hantu muda korban penculikan. Saat Soren dan Gylfie belajar terbang dengan menangkap angin... kok ya malah kepikiran judul buku yang sedang kita bahas di kotak ini. Sebabnya karena """"angin"""" itu...

Daun yang jatuh tak pernah membenci angin. Setuju dengan banyak pembaca lain. Kesannya memang romantis, puitis, dan bukan frasa yang sering dipakai orang sebelum ini. Oke... frasa ini bersifat personifikasi, saya ngerti, bahwa daun (pura2nya) bisa saja benci pada angin karena memisahkannya dari ranting pohon dan tak mungkin kembali lagi. Tapi, untuk apa? Toh lebih banyak daun yang jatuh karena takdir... eh, karena memang gaya gravitasi membawa helai2 itu ke bumi. Walau sedang tak ada angin sekalipun. Sehingga, kok ya jadinya makna harfiah kalimat ini jadi lebay, hehe...

Jadi... mari cukupkan pembahasan atas buku ini sampai di sini. Sepertinya saya sudah cukup menyatakan hal2 apa yang mengganggu saya. Sampai tujuh poin seperti Harry Potter. Sampai akhirnya berkurang satu bintangnya.
Sekian dan terimakasih :)""
"
8,"""Okay, here's the review.
Mungkin setelah tidur cukup,gue bisa cukup tenang buat menuliskan review buku ini secara decent, tanpa meletakkan sumpah serapah apapun di dalammnya.

So, what this is all about?

This is story of a young girl, named Tania. She lived with her mother and her little brother named Dede, and they are really really poor. One day, she met this 'angel', who saved her from poverty, put her and her little brother to school, and gave their mother money to start her own cake business.

Dari situ cerita berkembang, mulai dari kematian ibu Tania karena kanker, Tania yang super pintar dan dapat beasiswa sekolah ke Singapura, sesosok cewek artis bernama kak Ratna, yang adalah pacar si malaikat penolong. And so on, and so on.

But, what bother me so much about this book? 

Okay pertama, gue ga lagi meragukan kemampuan menulis si penulis, dia penulis yang cukup bagus. At least kalimat2nya nyaman dibaca dan bikin gue larut dalam ceritanya. Tapi, kenapa jadinya tema besar cerita malah bertolak belakang sama judul yang oh begitu indahnya dari buku ini??

Daun Yang Jatuh Tak Pernah Membenci Angin. 

""""Ketahuilah, Tania dan Dede.... Daun yang jatuh tak pernah membenci angin.... Dia membiarkan dirinya jatuh begitu saja. Tak melawan. Mengikhlaskan semuanya. (hal.63)

Tapi kenapa justu mengikhlaskan itu yang nggak bisa dilakukan oleh para tokoh dalam buku ini?

Not to mention, they are shallow, selfish, and pathetic. And they getting to my nerve!

So, this Tania girl, she fell in love with her guardian angel. Itu normal, dan wajar. Gratitude can lead towards love, especially for a naive young girl. Tapi, setelah semua hal yang dilakukan oleh si malaikat penolongnya, hal itu seolah-olah ga ada artinya sama sekali saat dia jatuh cinta. I mean, I feel like this stupid girl abusing her love as a reason to be selfish, and to do whatever she pleased. *rolling eyes*

Once,my dear dear friend told me, """"love is just another reason to hurt other people"""" it felt so true when i read this book.

And what about the guy, the so-called guardian angel?At first, i really like him, i do. Gimana enggak, dia dengan baiknya menyekolahkan dua anak yatim yang sama sekali asing, dan memberi kasih sayang tanpa pamrih juga. Tapi terus di bagian akhir buku, dia jadi aneh gitu. Dan menurut gue ini adalah kesalahan penulis karena ga berhasil membangun konflik yang masuk akal.

This guy, dia udah 30 tahunan lebih, a very mature age, right? i know sometime age is nothing but number, tapi dalam kasus ini bener2 berlebihan deh.
he became this pathetic loser who can't decide his mind. dia putus sama pacarnya, dan fokus membesarkan kedua """"adek2nya"""" but then, dia pacaran lagi sama pacarnya itu, dan memutuskan menikah. eh terus, tiba-tiba dia mengabaikan istrinya karena ternyata dia cinta sama si """"adek""""nya itu. padahal, kalau melihat penggambaran karakter dia sebelumnya, ga mungkin orang seperti dia, yang sangat baik hati dan selalu memikirkan perasaan orang lain berlaku seperti itu.jadi kaya ada ke nggak konsistenan dalam karakternya.
dan gue juga ga bisa melihat alasan,kenapa dia dan Tania ga bisa bersama.there's no enough reason.

di akhir buku i ended up hating both of them.
the girl for being so self-centered and painfully selfish
and the guy for being a coward, and can't man-up to live the choice he already made.

dan akhirnya, i plainly despise this book. Meh!""
"
17,"""Review ini akan mengandung SPOILER yg banyak sekali, jadi yg ga suka spoiler sebaiknya ga usah baca.

Ini salah satu buku yg juga dipinjem kakak gw dari reading walk. Gw baca waktu libur hari ini. Sehari selesai. Harus mulai darimana ya, soalnya gw merasa patah hati setelah baca. Kecewa. Bukan dengan kualitas ceritanya, tapi sepertinya Tere Liye memang hobi bikin pembacanya patah hati dengan kondisi karakter2 di bukunya. Ini buku ketiga Tere Liye yg gw baca. Pertama, The Gogons, lalu yg kedua Kau, Aku, dan Sepucuk Angpau Merah.

Pertama kali membaca halaman pertama, gw langsung menebak, bahwa lokasi """"toko buku terbesar di kota ini"""" adalah Gramedia Depok. Tebakan yang langsung dibenarkan di halaman berikutnya yg menyebut nama Margonda. Nama Gramed ga pernah disebut, begitu juga nama Depok cuma sekali-dua kali disebut. Yah, mari mengulur waktu dulu dengan bahas hal-hal yg ringan.

Cerita berformat flashback untuk hampir semua bagian, dan plot di saat ini meneruskan ceritanya, di saat-saat penentuan. Flashback yg sebagian besar terjadi selagi tokoh utamanya berdiri di lantai 2 Gramed Depok untuk memandangi pemandangan jalan di bawahnya. Ah, gw jadi kepengen kesana, udah lama juga. OOT.

Tokoh utama itu adalah Tania, gadis cantik yg di saat itu berusia 23 tahun. Flashbacknya bercerita sejak dia berumur 11 tahun. Tania kecil hidup kesulitan bersama ibu dan adiknya. Mereka tinggal di rumah kardus dekat tempat pembuangan sampah, Tania dan adiknya tidak bersekolah dan seharian mengamen. Beruntungnya mereka, kesulitan itu hanya berlangsung 3 tahun (sejak kematian ayah Tania), karena seseorang pemuda yang baik hati muncul dan menjadi malaikat bagi mereka. Dia membawa mereka keluar dari kesulitan, membiayai sekolah Tania dan adiknya, dan menjadi keluarga bagi mereka. 

Sejak saat itu, kehidupan mereka lancar bak roket meluncur ke angkasa. Tania mendapat nilai yang bagus dan sempurna, dan melanjutkan pendidikan SMP ke Singapura, dan seterusnya SMA dan kuliah di sana. (semacam too good to be true) Sampai mendapatkan pekerjaan yang bagus di perusahaan yg bagus di Singapura.

Tapi dia memiliki masalah berat. Masalah hati. Tania jatuh cinta dengan malaikat penolong ini, Danar, atau yg hanya disebut dengan dia (ditulis miring) di buku ini. Bukan cinta yg semestinya antara adik dan kakak, tapi cinta antara laki-laki dan perempuan. Cinta yg terpaut beda usia 14 tahun. Yang mungkin ga jadi masalah kalo Tania sudah berusia lebih dewasa, tapi dia jatuh cinta sejak masih bocah. Mirip sama filmnya Rachel Amanda yg I Love You, Om.

Tania tumbuh menjadi gadis yang cantik dan memesona, dan cerdas luar biasa. Prestasinya cemerlang di sekolah/kampusnya, dan segala kegiatan dan bisnisnya berjalan dengan bagus. Tapi obsesinya tentang 'kakak'nya membutakan pikirannya. Dia jadi cemburuan dan membenci Ratna, pacar Danar yg padahal ga salah apa2, malah selalu bersikap baik layaknya kakak dan sahabat. Dia juga kurang mempedulikan hal-hal lain, dan memanipulasi orang lain dengan kecerdasannya. 

She remind me of someone. Someone that I hated and I have stayed away from.

Anyway, tokoh berikutnya. Danar. alias dia. Malaikat penolong yg membawa Tania dan adiknya ke kehidupan yang lebih cerah. Sosok yang sempurna, wajahnya cerah, bijak. Selain itu, dia juga pengarang novel2 laris yang menggunakan nama alias Maibelopah (?). Sebelum gw sibuk mengartikan apakah Maibelopah itu maksudnya """"My Beloved"""", gw mengernyitkan dahi. Tokoh ini maksudnya perwujudan Tere Liye gitu? sama2 pengarang yg menggunakan nama alias yg mirip nama cewek. 

Danar menjadi kakak dan sosok ayah bagi Tania dan adiknya, apalagi sejak ibu mereka meninggal. Danar sendiri dulunya sudah mengalami hal serupa karena dia seorang yatim piatu. Dialah orang yang dicintai Tania sejak dulu, sejak dia pertama menolongnya di dalam bis ketika kaki Tania tertusuk paku. Danar yg mematahkan hati Tania ketika dia menikah dengan Ratna. Pernikahan yang membuat hubungan mereka merenggang, karena Tania menolak untuk pulang dan menghadirinya.

Dede, adiknya Tania. Ah, Dede. Adik yg waktu kecilnya nggemesin karena kelakuannya yg lucu, bahkan sampai gede pun masih lucu. Tokoh ini benar-benar sumber hiburan yg sejenak membuat pembaca rileks. Dede yg sering nyeletuk dan bahas hal-hal ga penting. Dede yg diam-diam ahli membuat puisi. Dede yg hobi maen Lego. Dede yg walau cengengesan, tapi nalurinya tajam. Dede yg sudah tahu rahasia Tania sejak lama. Dede yg tahu semuanya, dan menyembunyikan rahasia itu untuk menjaga perasaan semua orang. Dede yg setiap kali chatting mengganti nama usernamenya. Ah, nyatetin perubahan usernamenya Dede bakal jadi hiburan.

Pada sepertiga akhir buku, cerita yg tampaknya sudah damai dibuat menegangkan dengan timbulnya masalah yang sedari lama dirahasiakan. Untuk hal ini, Tere Liye emang jago dalam membuat pembacanya penasaran baca sampai akhir. Yang berujung pada kekecewaan gw.

Satu kata keyword yg menggambarkan kesimpulan akhir buku ini. 
(view spoiler)
Tania selalu merasa bahwa dialah yg mencintai Danar. Ketika kemudian diketahui hubungan Ratna dan Danar berjalan dingin, Danar yg selalu diam saja, datar, tanpa memberi jawaban atau apapun, dia mesti mencari tahu sendiri permasalahannya. Yang membawa kita pada sebuah hal yang mengejutkan. Bahwa Danar (sepertinya) juga mencintai Tania. Mungkin bukan sejak mereka bertemu, bukan pertama banget, tapi rasa sayang terhadap adiknya berubah menjadi cinta ketika Tania beranjak menjadi gadis remaja yang cantik.
Hal ini kedengarannya salah, dan menurut gw memang salah. Inappropriate. Gw akan coba ngasih gambaran. 
Sebenarnya normal aja kalo Danar suka sama anak seumuran SMA seperti Tania. Ya walaupun ada beda 14 tahun, ga masalah, karena Tania bisa dibilang sudah dewasa.Masih bisa dimengerti. Permasalahannya adalah, dia sudah mengenal Tania sejak dia masih berwujud bocah, dan dimana seharusnya dia hanya menganggapnya sebagai adik. Sulit untuk mengubah persepsi adik menjadi wanita, ketika si adik beranjak dewasa. Harusnya dia tetap sebagai adik. Ini yg menyebabkan kondisinya terlihat salah. Kalo aja dia ketemu Tania sewaktu Tania udah umur 16-17, atau 20 biar lebih normal, tentu hal ini ga akan terlalu bermasalah. Sudah telanjur adik. Jadi susah sekali ini.

Hal ini menyebabkan gw patah hati, mengapa pengarang menghancurkan karakter yg sejak awal sudah digambarkan bagus dan sempurna, dan meninggalkannya, mengakhiri cerita tanpa memberi perbaikan padanya. Ah.

Kasih berapa ya? Kalau happy ending, harusnya gw bakal ngasih 5 bintang. Tapi karena bikin patah hati dan kecewa, kasih 4 aja.""
"
29,"""Aku pertama-tama tertarik membaca buku ini adalah karena sesosok Tere-Liye yang begitu hebring dibicarakan teman-teman dunia maya. HSD dan buku ini sukses membuat salah satu temanku menangis. Karena penasaran, begitu melihat buku ini di toko buku favorit, saya langsung mengambilnya tanpa berkata-kata.

Ternyata aku kemudian mengalami apa yang dinamakan Popular Backlash. Menurutku buku ini overrated, not living to its expectation.

Alur ceritanya lambat, tapi itu segera terobati dengan cepat. Yang bikin bingung itu pas si karakter utama-nya bisa nguasain bahasa Inggris dengan cepat. Kalo misalnya writing, oke lah memang bisa, tapi speaking? It's a little bit impossible, methinks. Skip, skip, skip; kita ke bagian dimana karakter utama (sekaligus narator, fyi) pergi ke sekolah di Singapura. Disana, berkat kerja kerasnya, dia mendapatkan nilai-nilai yang ciamik. A+, A+, A+, pokoknya hebat deh. Lalu, dia mulai tumbuh jadi wanita yang cantik. Wih, udah cantik, pinter lagi! Nggak heran banyak cowok yang suka sama dia walaupun, karena dia hanya punya mata kepada seseorang, mereka semua diperlakukan dengan sangat sangat buruk. Aku heran kenapa ada yang mau berteman dengannya. Dia itu sombong, arogan, trus kayak meremehkan gitu. Waktu dia ke toko buku, pas ada ibu-ibu yang tanya sama dia (dengan sangat sopan!), jawabannya ogah-ogahan sama mengeluh di monolog.

Aku sebenernya benci si karakter utama oh-so-much. Dan aku, sebagai pembaca, dipaksa untuk berbagi pandangannya, karena lewat dialah aku tahu jalan cerita. Rasanya pengen teriak setiap kali dia berkata tentang her angel, tentang Kak Ratna yang super baik tapi dia perlakukan seperti sampah, tentang bagaimana dia membenci si Johny Chan dan Adi dari Jakarta walaupun mereka suka padanya. Dalam suatu titik di buku ini, Adi jelas-jelas dimanfaatin sama si karakter utama buat bikin her angel cemburu, walaupun Tania (si karakter utama) tahu bahwa Adi itu suka sama dia. Lebih jahatnya lagi, Tania itu berkomentar dengan sinis ketika Adi mengunjungi makam ibunya, dst. Adi akhirnya dipermalukan ketika Tania menolak dengan sangat kasar pengakuan cintanya (yang dilakukan ala film Bollywood: di tengah-tengah hujan dan di depan umum)di depan publik. Hell, scene itu bahkan bisa dikasih tambahan *rollseyes* sama Tania karena dia deadpan banget. Pfft.

Trus yang bikin aneh itu karakter Anne. Dia itu dikatakan sebagai warga Singapura dan punya sodara di Malaysia. Tapi kok ngomong 'teman' aja susah? wtf.

Si Danar (her angel) juga lembek-lembek tahi ayam. Tadinya pas awal-awal suka banget deh sama Danar, ngerti kenapa Tania suka sama Danar. Tapi kok makin lama makin aneh ya. Kayak pas ngasih liontin, trus sikapnya yang diem aja, perlakuannya sama kak Ratna (ini yang bikin aku paling geregetan). Hello! Grow some spines, dude!

Sekian review dariku. Aku sebenernya agak bingung apakah Tere-Liye menginginkan buku ini menjadi semacam parodi kisah-kisah cinta karena kok rasanya aneh gitu, agak sedikit lebay dan over-the-top menurutku, hehehehe."""
32,"""Sebelum masuk ke review yang kurang penting ini, mari dengan khusyuk kita hayati dulu summarynya. Intinya gini, sodara-sodara sebangsa dan setanah air:

Ada cewek namanya Tania, yang masih dibawah umur, miskin, tapi sombong dan tidak rajin menabung, yang hidup bersama dengan adeknya, Dede, yang juga dibawah umur dan miskin. Tidak lupa pula ada ibunya yang sama-sama miskin *halah* Lalu ada Danar, yang cukup umur, kaya, tapi plin-plan dan gak punya pendirian. Ada juga Kak Ratna, cewek artis yang dibenci main chara. Tania dan keluarga bakal dikeluarkan dari kutukan kemiskinan berkat Danar, lalu Tania jatuh cinta padanya, lalu Danar plin-plannya kambuh, lalu kak Ratna terluka.

Oke. summarynya selesai. Masuk ke review. Here we go!

Maafkan saya, tapi dengan sepenuh hati saya katakan saya tidak menyukai karakter Tania maupun Danar, dan malah lebih condong ke Kak Ratna.

Maksudnya, most of the story just didn't make sense dan bikin gregetan. Mulai dari beasiswanya ke Singapore sampe Tania yang katanya super dewasa for her age, tapi menurut saya dia teramat-sangat kekanak-kanakan. Beneran, deh. Mana sombong banget. Trus Danar yang awal-awalnya dideskripsikan super bijak, kok makin ke mari makin dudul gitu?o.O

Oom Tere-Liye, you are a great writer. Maafkan saya. Mungkin saya yang bukan 'a great reader'.

Masih terus berharap,
Rd. ""
"
33,"""Cuma butuh waktu 3 jam untuk menghabiskan buku ini. Itu juga sambil nyemprot kamar, chatting, buka online shop, dan kegiatan bermanfaat lainnya. 

Judul dan makna dari judulnya bagus: ikhlas. Bagaimanapun, kita harus menerima dengan legowo apa yang sudah ditakdirkan oleh Allah SWT. 

Tapi nih yaa, jalan ceritanya sedikit bingungin di pertengahan buku. Katanya harus ikhlas, tapi Tania (tokoh utama) egois banget sampai-sampai dia gak mau datang ke nikahan """"Kakak""""nya yang sudah dia anggap sebagai malaikat penolong. 

Lalu lanjut ke si """"Kakak"""" yang labilnya kayak ABG tapi di awal buku digambarkan sebagai sosok baik hati, penolong, dan kesempurnaan lainnya. Yang ujung-ujungnya menikah dengan perempuan yang tidak dia cintai dan malah selalu membuat perempuan itu sedih dan tertekan.

Dan cerita bagian akhirnya maksudnya apa? Yang Damar membisikkan sesuatu ke Tania dan akhirnya Tania langsung pergi ke Singapore gak mau kembali lagi? 
Kayaknya gak mungkin sekedar kalimat """"aku cinta kau, Tania."""" Mungkin malah, """"Tania, akulah Bapakmu."""" atau, """"Tania, aku adalah abangmu yang tertukar."""" atau, """"Tania, aku power rangers.""""

Anyway, cara bercerita Tere Liye memang sangat patut dipuji. Namun memang isi bukunya sedikit seasonal: kadang bagus, kadang yaaa begitu deh :D""
"
35,"""Umm, bukannya ngga suka atau gimana ya. Tapi aku sekuat tenaga berjuang menamatkan buku ini.

Awalnya aku tertarik dengan buku ini karena judulnya yang mirip dengan kisah yang pernah kubaca di dunia maya, namun setelah membaca cerita dan bukunya--yang berbeda jauh--aku malah mulai menumpas keinginan untuk membca cerita romance seperti genre yang biasa aku geluti.

Kisahnya tentang hubungan antara lelaki dan wanita yang berbeda status dan usia, pada akhirnya tidak mampu menggugah naluri kebacaan aku (apapula itu istilahnya) :p
Well, tapi at least buku ini, bisa bikin aku bertahan dan membaca hingga selesai, dimana beberapa buku lain tidak dan sudah tak kuingat lagi kisahnya. Setidaknya, aku masih inget ending buku ini. B-)""
"
36,"""Cinta itu butuh keberanian.

Semua tahu itu. Aku pun paham itu. Nyatanya, keberanian itu tak datang. Sulit. Untuk diungkapkan

Amat sangat terganggu dengan deskripsi yang terus-terus berulang. Kalau hanya satu atau dua kali sih OK kalau kebanyakan?? Plis deh. Apapun yang berlebihan pasti jadinya nggak enak.

Setiap sampai pada kalimat """"Lantai 2 toko buku terbesar di kota kami"""" dan """"Usiaku bla bla Adikku bla bla Dia bla bla"""" sukses membuat gue teriak OH NOT AGAIIINNNN, NOT THIS WORD PLEAASEEE....maaf cerita Anda jadi 'biasa'.

Ah, setidaknya saya sudah tidak penasaran dengan buku ini. Sekian. Terimakasih.""
"
37,"""Tidak se-wah yang diiming-iming oleh beberapa teman. Dan semua orang yang merekomendasikan buku ini bilang buku ini tearjerker, tapi... aku tidak menangis sama sekali. Hanya... meringis.

Cinta tak harus memiliki.
Oh, ya?""
"
39,"""Awalnya kupikir aku satu-satunya yang gak suka novel ini. Jujur aku kaget dengan review-review di sini, banyak yang sepahaman.

Oke, pertama, penulisannya bagus. Cara sanh penulis menulislan ceritanya bagus, bisa membuat saya terhanyut dan seperti 'melihat keadaan dalam buku'. Tidak semua penulis bisa menulis seperti itu.

kedua, karakterisasinya menyebalkan. Tania, gadis tokoh utama di novel ini, jatuh cinta dengan buta kepada sang penyelamat yang selalu disebut sebagai 'dia' di novel ini (bahkan saya sempet lupa nama si 'dia'). Buta, ya, buta. Dia mencintai sang penyelamat, sampai-sampai tidak memedulikan lelaki-lelaki di sekitarnya yang MENYAYANGINYA denyan tulus (gak termasuk Dede, kalo dia sampe gak peduli sama adiknya ... urgh). Dia bahkan benci pada Ratna, pacar si 'dia' yang selalu baik dan ramah pada Tania. Urgh, bukan tipe karakter favoritku banget.

Ketiga, udah ditulis di beberapa review sebelumnya, SMP dapet beasiswa ke Singapura? Dalam waktu singkat bisa bahasa inggris dengan sangat lancar? Oh wow, bahasa inggris di Singapura beda sama British English dan American English loh.

Keempat, sang penyelamat atau Danar ini gak konsisten karakternya. Dia tuh maunya apa sih? Awalnya dia tampak seperti pria dewasa awal yang sangat dermawan, terbukti dengan niatnya menyekolahkan dua anak jalanan tak di kenal yang bertemu tanpa sengaja. What a kind man. Ditambah dia mati-matian berusaha ngebiayain kehidupan dua anak jalanan itu + ibunya. Saat ibunya meninggal, Danar yang membiayai semua keperluan dua anak tersebut. Awalnya, aku suka dia. Lalu tibalah saat dia tiba-tiba mutusin pacarnya. Terus tiba-tiba pacaran lagi, terus nikah, terus istrinya diabaikan. What? Gak jrlas banget karakter Danar ini. Seorang yang begitu baik hati, mau ngerawat dua anak jalanan, mengabaikan ISTRINYA tanpa alasan? Oh tunggu, ada alasannya. Karena ia baru sadar kalo ia sejak umur 25 tahun mencintai seorang gadis kecil berumur 11 tahun. Great.

Kelima, judul sama ceritanya agak kurang. singkron """"Daun yang Jatuh Tidak Pernah Membenci Angin"""" frasa yang puitis dan memikat. Difilosofikan sebagai tanda keikhlasan, sang daun ikhlas meninggalkan tangkai, dan tidak menyalahkan angin yang menerbangkannya. Sedangkan isinya tidak mencerminkan keikhlasan tersebut. Bahkan sampai akhir. Tania tidak mau ikut pernikahan Danar dan Ratna karena tidak ikhlas sang penyelamat menikah dengan wanita yang sangat mencintai Danar. Danar yang seharusnya bahagia, menikah dengan wanita yang mencintainya, kedua """"adik""""nya sudah sukses, malah tidak ikhlas dengan kehidupannya.

Keenam, siapa yang tetap menyukai Danar dan Tania setelah membaca endingnya? Ah sudahlah.""
"
42,"""Kemampuan bang Tere merangkai kata menjadi sebuah cerita memang tak perlu diragukan lagi. Tapi, jujur saya kurang suka dengan karya yang satu ini. Alurnya sedikit loncat sana loncat sini. Karakter tokohnya juga tidak sekuat tokoh2 yang biasa digambarkan. Berbeda dengan karya2 lain yang sudah saya baca. Dan, rasanya ceritanya terlalu cepat selesai, konfliknya kurang greget, kurang menyentuh emosi, jadilah dua bintang.. Sebenernya berat buat ngasih dua bintang, tapi apa boleh buat..
Lepas dari itu, tetep acung jempol buat bang Tere Liye..""
"
44,"""1.5 bintang saja. Saya baca lambat-lambat kerana jalan cerita yang cliche, biasa dan membosankan. Cerita ini mungkin impian seorang miskin, datangnya seorang hero yang mengubah nasib kehidupannya. Percayalah itu hanya angan-angan kosong. Realitinya jarang sekali terjadi. 

Dan aku tak suka kisah cintanya. Maaf, aku rasa ia tak sopan untuk seorang kanak-kanak mencintai seorang lelaki dewasa berbanding mengagumi.""
"
51,"awalnya agak membingungkan,,, tapi setelah mulai membaca dan di tengah mulai asyik, walaupun kadang masih agak membingungkan. namun masih agak bingung dan kurang puas dengan endinya :D
"
60,"""2,5 dari 5
ada beberapa cerita yg agak dipaksakan.
pertama, studi banding kue nya Marni itu agak sekedar lewat yg maksudnya apa juga aku gak ngerti.
kedua, kok yah Tania gampang bgt ya buka usaha kue di Singapura?
ketiga, liontin yg dikubur Dede di pusara Ibu, kok ya bisa dikubur di situ? mengingat itu barang mahal dan mereka sebelumnya adalah keluarga kurang berada. 
keempat, Tania kok ya gak peka/ gak ngerti maksud dari email yg dikirim Ratna ttg apa yg """"keluarga"""" mereka hadapi?
kelima, loh endingnya kok gitu doang?

ini novel pertama Tere Liye yg aku baca, sebelumnya udh baca kumpulan puisi yg menurut aku bagus.
kalau utk novel karena dpt """"racun"""" dari teman dan berhubung penulis ini terkenal dan banyak yg baca bukunya.

yah lumayan kecewa lah.""
"
76,"ceritanya manis di awal, namun dari mid to end story terlihat dipaksakan, seperti diburu deadline.
"
78,"""Tantangan Baca GRI Oktober 2016: Buku yang Sudah Diterjemahkan ke dalam Bahasa Inggris

Gw pernah kenal seorang Dede sekitar lima belas tahun lalu. Pengamen kecil yang manis dan ceria. Kami bertemu waktu jurusan gw mengadakan buka bersama di kampus waktu itu. Keceriaan Dede membawa kegembiraan tersendiri buat orang-orang yang hadir. Setelah itu sempat beberapa kali ketemu di Margonda sedang mengamen, tapi gw ga pernah lihat dia lagi sampai gw lulus. Mungkin Dede yang gw kenal mengalami nasib yang sama dengan Dede di cerita ini. Semoga.

On with the story. It was ok. Entah kenapa tapi gw susah menyukai cerita ini, padahal judulnya tuh udah puitis banget. Satu hal yang nyebelin buat gw saat baca adalah kenapa he sama that someone selalu di-italic? Pembaca ga bodoh-bodoh amat kalee. Kita tahu siapa dia kok yang dimaksud. Jadi agak mengganggu, imo. Atau gw aja kali ya. Trus yang ga tahan kenarsisan tingkat dewa si Tania. dan keplin-planan si dia. Yah, mungkin demi ending yang happy, biar saja orang lain yang menderita.

#courtesy of iJakarta""
"
86,"""Buku ini punya begitu banyak masalah saya nggak tau mesti mulai dari mana.

Ada satu hal yang bener-bener bikin saya heran tentang bung Darwis Tere Liye. Saya suka hampir semua statusnya yang sering di-share orang di Facebook; bikin hati teduh di tengah sekian banyak status gak jelas yang seliweran. Tapi dari tiga bukunya yang saya baca akhir2 ini (Negeri Para Bedebah, Sunset Bersama Rosie, dan ini) nggak ada yang bisa ngasih feel yang sama.

Waktu kuliah dulu sempet baca Hafalan Shalat Delisa, saya masih ingat saya cukup menikmatinya.

Jadi apa saya aja yang berubah ya seleranya? Atau mood saya yang berubah. Perasaan waktu saya baca buku ini mood saya biasa-biasa saja. Saya nggak anti sad ending, cuma bad ending (ending yang menurut saya dimiliki oleh buku ini). Buku Sunset Bersama Rosie yang punya ending happy juga menurut saya ending-nya bad (happy-nya dipaksain, menurut saya).

Tapi ending cuma salah satu dari sekian banyak faktor lain yang bikin orang bisa menikmati buku. Ada lagi bahasa yang dipakai bercerita.

Saya benar-benar merasa bahasa dalam buku-buku bung Tere Liye ini ganjil, kurang natural, nggak seperti buku Indonesia lain. Ini saya membandingkan dengan buku-bukunya Andrea Hirata, A. Fuadi, Dee, 5 cm, Clara Ng, yang bertema agama semacam Habiburrahman dan kloning-kloningnya, buku-buku remaja 90-an karya Bung Smas dan Hilman, buku-buku klasiknya Pramoedya dan Umar Kayam dan Hamka (apa saya kelewatan ngasih perbandingan ini ya), atau buku-buku yang temanya nggak terlalu cocok buat saya kayak buku-bukunya Ayu Utami, dan cerpen-cerpen yang muncul di koran tiap Minggu dan di blog-blog yang saya ikuti. Semua pernah saya baca. Bahasa yang dipakai di semua buku dan cerpen itu lebih natural dan lebih masuk akal diucapkan oleh orang Indonesia, seberapa pun abstrak dan penuh metaforanya tema dalam buku dan cerpen yang saya sebut di atas.

Bahasanya bung Tere ini terasa mirip kayak terjemahan dari bahasa asing, dan terjemahannya jelek dan kaku.

Anehnya feel itu nggak ada di status Facebooknya. Mungkin ketika status Facebooknya dikembangkan menjadi cerita prosa, masalah itu baru muncul. Sayang.

Salah satu dari sedikit hal positif yang saya nilai di buku bang Tere Liye ini (selain kemampuannya memikirkan pesan yang sederhana tapi powerful) adalah kemampuannya men-teasing pikiran pembaca tentang setting tempat dan waktu.""
"
90,"""so sorry I have to give 2 stars only for this book. 
penulis sukses buat saya benci dengan karakter Tania diawal hingga pertengahan buku ini. Diakhir sekali lagi penulis sukses buat saya membenci seseorang lagi. Om Danar. Dan membuatku amat sangat mengasihani Kak Ratna.

awal ceritanya dari dua orang kakak beradik bernama Tania dan Dede. Dua anak kecil yang takut bermimpi terlalu tinggi karena merasa takkan pernah akan mampu untuk menggapainya.
Mereka putus sekolah semenjak ayah mereka meninggalkan mereka.
Hidup bersama dengan ibu mereka disebuah """"rumah"""" yang mereka bangun dengan bermodal kardus & karton membuat mereka harus kerja extra keras untuk kelangsungan hidup mereka. 
Pagi hingga malam mereka habiskan dengan mengamen, berharap akan ada dermawan yang memberi mereka keajaiban. Disitulah mereka bertemu dengan Danar. Sosok yang menjadi malaikat bagi keluarga mereka.
menyokong hidup mereka, membantu mereka tanpa pamrih dan menyayangi mereka sperti layaknya keluarga sendiri.

Hal yang tak terduga, Tania kecil menyukainya. Bayangin donk kalo ada anak kecil yang masih ingusan, dan keras kepala aka merasa sudah tau semua hal suka dengan orang yang jauh lebih dewasa darinya. Ketika tau Danar punya pacar (Ratna) , Tania langsung mencak2, merasa semua posisinya direbut kak Ratna, tempat duduk yang seharusnya dia duduki, tangan yang seharusnya ia gandeng,dsb. Ya gak nyadar aja dia, sbelum dia ketemu Danar jg, si Danar uda pcrn ma Ratna *jdi emosi*. Trus pas ibu mereka akhirnya kena penyakit parah dan meninggal, Ratna slalu ada buat mereka, nemenin mereka, bawain baju ganti mreka, nangis bareng mreka, ngurusin skola mreka, Tania aja yg gak ngeh gmana baiknya Ratna ke dia dan Dede karna uda dibutain cinta ke Danar. ==*

emosi jg si baca novel ini. sebel iya, jengkel iya. *garuk2 kepala*
endingnya gajebabo - gak jelas banget bokkk!
bukunya kayak gk ada tujuan ==* (nurutku pribadi) Danar yang gak pernah mau ngungkapin perasaannya ke Tania, malah nikah dengan Ratna yang nantinya bakal sangat tersakiti dengan sikap Danar yang acuh tak acuh padanya.

walau kesel, tapi tetep ada kata2 yang aku suka dari buku ini.
satu contoh : Ibu pergi bukan karna tak sayang lagi pada Dede. Ibu pergi untuk mengajarkan sesuatu. Bahwa hidup harus menerima, penerimaan yang indah. Bahwa hidup harus mengerti, pengertian yang benar. Bahwa hidup harus memahami, pemahaman yang tulus. Tak peduli lewat apa penerimaan, pengertian dan pemahaman itu datang. Tak masalah meski lewat kejadian yang sedih dan menyakitkan.""
"
92,"gw penyuka novel fiksi bertema patah hati, cinta tak berbalas, pengkhianatan dan sejenisnya. pas baca sinopsis, iseng aja beli. juga karena banyak buku tere-liye ditoko tapi belum ada satupun yang gw beli atau baca. pengharapan saat bayar buku ini dikasir adalah : penulis yang udah nerbitin banyak buku pasti tulisannya bagus. nah, review dimulai nih. pertama, covernya kurang menarik karena tulisan judul mefet2. but it still ok lah. kedua, kertasnya agak kurang bagus dengan harga buku sekian. sori ya, maklum ibu rumah tangga jadi ceriwis soal harga dan kualitas. ketiga, alurnya pas. meski kilas balik, tapi jelas dan ga pusing bacanya. keempat, danar is too perfect. cerita dengan tokoh perfect malah bikin cerita kayak sinetron. kelima, soal tania yang dapet beasiswa pas lulus SD agak mengada2. kayaknya janggal deh bocah udah dikirim beasiswa keluar negri, sendiri dan tinggal di dorm. keenam, gue suka tokoh dede. dari awal setelah nerima hadiah lego, gw udah nebak pasti diakhir cerita ada kaitannya lego dengan kisah tania. tokoh dede netralisir lebaynya kesempurnaan danar. ketujuh, kenapa sih danar ga dikasih banyak dialog??? sama ratna dia diem, sama tania dia lebih sering dideskripsikan lewat sudut tania yang bercerita. kalo mau dibikin sifatnya misterius, digambarin dari awal cerita dong. kedelapan, tokoh adi useless deh, mending ga usah ada. kesembilan, tania dewasa yang workaholic setelah patah hati? standar banget! kesepuluh, gw suka sekaligus benci endingnya. suka karena ga nyangka mereka ga jadian. tadinya gw pikir, dengan alur sinetron dan danar yang perfect, tebakan gw danar akan ninggalin ratna (yang sama perfectnya alias cantik-baik-sabar-pengertian) dan jadian sama tania tapi ternyata gw salah besar hehehe. dan gw benci karena paling ga suka baca cerita sad ending. tapi udah ga penasaran lagi sama tulisan tere-liye. kapan2 bolehlah beli dan baca bukunya yang lain :)
"
93,"""Daun yang Jatuh Tak Pernah Membenci Angin adalah salahsatu novel Tere Liye yang lagi-lagi aku kurang menikmatinya, sama seperti ketika saya selesai menamatkan novel Kau, Aku dan Sepucuk Angpao Merah. Entah kenapa saya merasa sangat boring. Tapi saya pikir ini masalah selera, karena untuk genre lain saya cukup menyukai novel karya bang Tere.

Jadi seperti biasa dengan alur maju mundur, di awal saya cukup terhanyut dengan narasi yang menjanjikan. Tania yang ada di toko buku mengingat semua kenangan bersama malaikat penolongnya--Danar Danar. Dari mulai Tania dan adiknya--Dede yang sedang mengamen dan bertemu dengan Danar di sebuah bus, mereka kembali disekolahkan dan ibunya diberi modal untuk berjualan kue.

Kehidupan mereka yang sejak ayahnya meninggal mengalami keterpurukan sampai mereka harus tinggal di sebuah rumah kardus, akhirnya mulai membaik semenjak dibantu Danar. Tania yang diceritakan sangat mengagumi Danar, berjanji akan menuruti apa saja yang dikatakan malaikat penolongnya itu. Tania tumbuh sebagai gadis yang cerdas dan mendapatkan beasiswa scholarship di Singapura dari mulai SMP sampai SMA.

Dan cerita berlanjut dengan perasaan Tania kepada Danar yang semakin mengakar, kecemburuan Tania kepada Ratna--kekasih Danar. Dan begitulah kisah berlanjut. Aduh maafkan saya karena tidak bisa melanjutkan membaca novel ini dengan baik, banyak halaman yang saya lewati. Dan sampai di akhir saya tidak menemukan sesuatu selain Danar akhirnya menikahi Ratna padahal sebetulnya Danar juga mencintai Tania.

Saya tidak ingin kecewa karena mungkin ini masalah selera, toh tetap saja masih banyak sekali yang menyukai karya ini. Untuk saya yang sudah tidak terlalu menyenangi genre romance pada akhirnya memang tidak menemukan sesuatu yang menarik dari novel ini.

Setidaknya bagi saya Tere Liye sudah banyak menginspirasi saya dengan karya-karyanya yang lain.""
"
94,"nggak terlalu suka yang ini. nggak sebegitu wow kayak novel tere liye yang lain.
"
97,"""Kalau ditanya kenapa beli buku ini jawabannya ada 3. Pertama , Penasaran dengan penulisnya (sudah banyak film yang dibuat dari novelnya) Kedua Waktu beli uang aku pas-pasan, Ketiga aku tersenyum kecil liat covernya ada daun Linden, aku ingat pas kecil suka mengambil daun itu di pohon terus di remuk-remukin dan jadi sampah berguguran di lapangan dekat rumah saya.

Yang bikin kaget, kalimat di novel ini sangat ringan (awalnya takut bahasanya ketinggian dilihat dari judul-judul buku Tere Liye). dan kedua menyinggung tempat tinggal aku, Depok! hihi.

Tapi minus di buku ini banyak sekali. Entah kenapa saat aku baca buku ini di pertengahan, aku sudah tidak ada minat untuk melanjutkan mungkin alasannnya karena kata-kata atau maksud isi dari si tokoh utama yang selalu di ulang-ulang membuat aku Jenuh tapi terpaksa deh demi membunuh waktu kosong.

Satu lagi minus, Tania yang dibangga-banggakan karena kedewasaannya justru aku lihat tidak dewasa sama sekali. Terlihat dari gejolak batin dia terus menerus yang artinya dia tidak bisa mengontrol perasaannya sendiri bahkan ribuan nasihat dari Anne tidak dia hiraukan.

Di lihat dari ending sih aku lumayan suka, memang terlihat jahat karena ada kemungkinan perasaan kak Ratna akan terluka kembali, dan dia yang akan terluka karena tidak bisa melihat """"bayangan"""" tercintanya yang berusaha kabur dari kenyataan.

Kesimpulan. Buku ini indah tapi bukan buatku. Ceritanya gak jauh dari jiwa anak-anak yang menjelma di tubuh orang dewasa (gak Tania, gak Danar, Kak Ratna juga termasuknya). Aku juga tahu buku ini akan biasa saja di lihat dari beratnya, karena terkadang cerita yang berbobot dilihat dari berat buku itu juga.

So ** of 5 :-)""
"
100,"""Ini buku Tere Liye yang pertama kali gue baca (iya tau kok telat banget, tapi daripada tidak sama sekali kan?). Berhubung udah banyak review yang nulis summarynya, jadi gue langsung aja ke reviewnya ya, here we go!

1. Gue dari kecil tinggal di Depok, dan gue masih inget banget pertama kalinya ke Gramedia Depok pas abis dibangun. Kalo bukunya dipublish Juni 2010, berarti sepuluh tahunnya itu tahun 2000 kan? 2000 itu gue masih TK, dan gue masih inget Gramedia Depok itu baru ada pas gue SD (lupa antara 2001-2003 kayaknya, nanti pas lagi ke sana gue mau cek terus edit review ini lagi deh biar lebih pasti). Terus pas baru pertama kali dibuka, bagian yang deket jendela kayak yang ada di cerita, belum dibuka, jadi masih berkayu-kayu gitu belum selesai. Pokoknya sekitar beberapa bulan pas pertama kali dibuka baru Gramedia Depok jadi rapi, bulan-bulan pertama masih agak berantakan pokoknya. Pokoknya gue mau protes penulisnya mungkin belum research begitu banyak ya tentang toko bukunya? Gramedia Depok pas sepuluhan tahun itu belum ada... Gue inget banget kok.

2. Kayaknya penulisnya lupa ya kalo Singapura sama Indonesia bagian barat beda 1 jam? Pas jam 9nya Tania, sebenernya Danar belum nikah loh, kan masih jam 8 di sana.

3. Alurnya pas di akhir cerita terburu-buru dan jadi agak kosong, padahal pas di depan flownya udah dapet banget. Belum lagi Danar yang pas akhir-akhir imagenya jadi rusak banget, umur aja udah >35, tapi kok sikapnya yang kayak gitu ABG banget ngga sih?

Udah deh, sekian itu aja dari saya :p
Best part about this book: Gue suka banget buku yang endingnya gantung, bisa nebak-nebak sendiri jadinya hahaha.""
"
106,"""Well, sepertinya gw salah memilih judul saat """"perkenalan"""" dengan karya Tere-Liye (yang digadang-gadang penulis berbakat Indonesia). Dalam buku ini, tulisan Tere-Liye sungguh....hmm..klise.

Gw nggak terenyuh membaca kalimat demi kalimat. Hanya kisah cinta seorang anak perempuan yang jatuh cinta kepada penolongnya. Sedikit mengingatkan kepada Candy-Candy *nah lho!!* atau malah """"Paman Kaki Panjang"""" *halah* Gw kayak membaca cerpen di Aneka Yess jaman jebot dulu (yang gambarnya kayak lukisan poster film ituh).

Buku ini berkisah tentang Tania, seorang anak yatim yang terpaksa mengamen di jalanan pada usia yang masih sangat muda, 11 tahun. Dia dan sang adik, Dede, secara tidak sengaja bertemu dengan seorang lelaki muda bernama Danar, yang kemudian menjadi penolong mereka. Danar kemudian membantu keluarga Tania (yang terdiri dari Dede dan sang Ibu) hingga Tania dan Dede mampu bersekolah lagi. Lama kelamaan karena kebaikan Danar, Tania jatuh cinta pada Danar. Namun, ternyata Danar memilih wanita lain untuk dinikahi olehnya. Eh, ini belum ending yah, jadi jangan tuduh gw spoiler (gak gw spoiler juga bakalan tau endingnya gimana) :p

Pokoknya, gw kecewa dengan karya yang ini. Tere-Liye nampaknya nggak pingin terlalu ribet untuk menjelaskan bahwa """"Daun pun meski kudu jatuh, dia nggak akan pernah membenci angin yang bikin dia jatuh."""" Kalimat yang indah tersebut nampak sia-sia dengan model cerita macam ini.


Oiya...covernya cakep. Salut sama yang bikin cover ;)""
"
116,"Ini adalah novel pertama saya oleh Tere Liye. Setelah membaca banyak ulasan positif mengenai Tere Liye, jujur saya berharap lebih dari novel ini. Baik dari segi penggunaan bahasa, pendeskripsian tokoh, dan alur cerita. Gaya bahasa yang digunakan oleh para tokoh menurut saya tidak sesuai dengan kenyataan yang ada. Terkesan dibuat-buat dan berlebihan. Karakter tokoh yang dideskripsikan penulis juga tidak begitu kuat, terkadang kurang konsisten. Dan untuk alur cerita, saya kurang suka dengan akhir cerita yang ringkas dan cepat. Memberi kesan seolah-olah buku ini ""belum selesai"". Saya juga agak terperangah ketika membaca bagian akhir dan terungkap bahwa Danar sudah menyukai Tania semenjak Tania berumur 12 tahun. Hmm saya rasa ini cukup janggal baik dari sisi psikologis dan logika. Bagaimana seorang pemuda dewasa kantoran berumur 20an dapat jatuh cinta dengan gadis pengamen kotor berumur 12 tahun? Saya rasa itu jauh dari kenyataan yang ada. 
Namun disamping itu semua, novel ini cukup menghibur sebagai bacaan ringan :)"
117,"Tantangan Baca GRI Oktober 2016: Buku yang Sudah Diterjemahkan ke dalam Bahasa Inggris

Gw pernah kenal seorang Dede sekitar lima belas tahun lalu. Pengamen kecil yang manis dan ceria. Kami bertemu waktu jurusan gw mengadakan buka bersama di kampus waktu itu. Keceriaan Dede membawa kegembiraan tersendiri buat orang-orang yang hadir. Setelah itu sempat beberapa kali ketemu di Margonda sedang mengamen, tapi gw ga pernah lihat dia lagi sampai gw lulus. Mungkin Dede yang gw kenal mengalami nasib yang sama dengan Dede di cerita ini. Semoga.

On with the story. It was ok. Entah kenapa tapi gw susah menyukai cerita ini, padahal judulnya tuh udah puitis banget. Satu hal yang nyebelin buat gw saat baca adalah kenapa he sama that someone selalu di-italic? Pembaca ga bodoh-bodoh amat kalee. Kita tahu siapa dia kok yang dimaksud. Jadi agak mengganggu, imo. Atau gw aja kali ya. Trus yang ga tahan kenarsisan tingkat dewa si Tania. dan keplin-planan si dia. Yah, mungkin demi ending yang happy, biar saja orang lain yang menderita.
"
127,"Buku ini pinjaman dari Jasny, bacanya pun pake sistem kebut.
Awalnya hampir gak bisa punya kesempatan buat baca bukunya karena Jasny harus ngembaliin bukunya. HELL dia malah bilang ""sengaja mus aku sembunyiin, kalau nampak kau pasti kau pinjam. Tere Liye nih"" dafuck:3

at all ceritanya mengharu biru, setipe sama Sunset bersama Rosie. kisah roman picisan dengan pendalaman tentang kehidupan.
Ide dari cerita ini bener-bener double wow, bisa-bisanya dia jatuh cinta sama om-om :3 err aku jadi bingung kok bisa seh.
cara penyampaian nya khas bang Tere. i don't miss anything walaupun baca 3 jam selesai.

Yang nyebelin dari buku ini adalah endingnya yang gantung, argh sumpah kesal banget. siap baca buku ini rasanya pengen digigitin:3
kenapa cuma 3 bintang? karena aku agak risih ngebayangin tania suka sama om-om -_______-"
132,"ada yang mengganjal di hati dari bagian akhir novel ini. entah sengaja agar pembaca punya jalan pikiran sendiri untuk akhir ceritanya.
tapi saya sendiri masih penasaran dengan perasaan danar yang sesungguhnya terhadap tania. sejujurnya sih mengarah ke mencintai. tetapi siapa yang tahu? mungkin cinta dalam bentuk adik dan kakak seperti yang tania prasangkakan.

kalaupun danar yang dewasa mencintai tania sebagai kekasih sejak anak kecil, agak sedikit rasa 'janggal' menurut saya. apakah danar punya 'kelainan' itu? siapa yang tau?

ya. mungkin pemaknaan ""cinta dalam diam"" harus jadi esensi yang saya dapat ambil dalam novel ini. walaupun memang menyakitkan, tapi kalau sesungguhnya dia adalah cinta sejati, tak akan jadi rumit, akan jadi sangat sederhana, sesederhana mencintai seseorang yang sejatinya untuk kita."
135,"Pertamanya, excited banget sama buku ini karena katanya buku ini bagus. Dan bener ternyata buku ini bagus.

Tapi, saya agak kurang suka karena ditengah-tengah buku ini udah mulai bosan dan akhirnya saya longkap, longkap, dan longkap sampe bab terakhir.

Terjawab sudah! (view spoiler)

memang ya, cinta tidak harus memiliki dan juga memiliki tidak harus cinta 
"
138,"2,5 dari 5
ada beberapa cerita yg agak dipaksakan.
pertama, studi banding kue nya Marni itu agak sekedar lewat yg maksudnya apa juga aku gak ngerti.
kedua, kok yah Tania gampang bgt ya buka usaha kue di Singapura?
ketiga, liontin yg dikubur Dede di pusara Ibu, kok ya bisa dikubur di situ? mengingat itu barang mahal dan mereka sebelumnya adalah keluarga kurang berada. 
keempat, Tania kok ya gak peka/ gak ngerti maksud dari email yg dikirim Ratna ttg apa yg ""keluarga"" mereka hadapi?
kelima, loh endingnya kok gitu doang?

ini novel pertama Tere Liye yg aku baca, sebelumnya udh baca kumpulan puisi yg menurut aku bagus.
kalau utk novel karena dpt ""racun"" dari teman dan berhubung penulis ini terkenal dan banyak yg baca bukunya.

yah lumayan kecewa lah."
